ID,P04
1,V_4-1
2,V_4-2
3,V_4-3
4,V_4-4
5,V_4-5
6,V_4-6
7,V_4-7
8,V_4-8
9,V_4-9
10,V_4-10
11,V_4-11
12,V_4-12
13,V_4-13
14,V_4-14
15,V_4-15
16,V_4-16
17,V_4-17
18,V_4-18
19,V_4-19
20,V_4-20
21,V_4-21
22,V_4-22
23,V_4-23
24,V_4-24
25,V_4-25
26,V_4-26
27,V_4-27
28,V_4-28
29,V_4-29
30,V_4-30
31,V_4-31
32,V_4-32
33,V_4-33
34,V_4-34
35,V_4-35
36,V_4-36
37,V_4-37
38,V_4-38
39,V_4-39
40,V_4-40
41,V_4-41
42,V_4-42
43,V_4-43
44,V_4-44
45,V_4-45
46,V_4-46
47,V_4-47
48,V_4-48
49,V_4-49
50,V_4-50
51,V_4-51
52,V_4-52
53,V_4-53
54,V_4-54
55,V_4-55
56,V_4-56
57,V_4-57
58,V_4-58
59,V_4-59
60,V_4-60
61,V_4-61
62,V_4-62
63,V_4-63
64,V_4-64
65,V_4-65
66,V_4-66
67,V_4-67
68,V_4-68
69,V_4-69
70,V_4-70
71,V_4-71
72,V_4-72
73,V_4-73
74,V_4-74
75,V_4-75
76,V_4-76
77,V_4-77
78,V_4-78
79,V_4-79
80,V_4-80
81,V_4-81
82,V_4-82
83,V_4-83
84,V_4-84
85,V_4-85
86,V_4-86
87,V_4-87
88,V_4-88
89,V_4-89
90,V_4-90
91,V_4-91
92,V_4-92
93,V_4-93
94,V_4-94
95,V_4-95
96,V_4-96
97,V_4-97
98,V_4-98
99,V_4-99
100,V_4-100
101,V_4-101
102,V_4-102
103,V_4-103
104,V_4-104
105,V_4-105
106,V_4-106
107,V_4-107
108,V_4-108
109,V_4-109
110,V_4-110
111,V_4-111
112,V_4-112
113,V_4-113
114,V_4-114
115,V_4-115
116,V_4-116
117,V_4-117
118,V_4-118
119,V_4-119
120,V_4-120
121,V_4-121
122,V_4-122
123,V_4-123
124,V_4-124
125,V_4-125
126,V_4-126
127,V_4-127
128,V_4-128
129,V_4-129
130,V_4-130
131,V_4-131
132,V_4-132
133,V_4-133
134,V_4-134
135,V_4-135
136,V_4-136
137,V_4-137
138,V_4-138
139,V_4-139
140,V_4-140
141,V_4-141
142,V_4-142
143,V_4-143
144,V_4-144
145,V_4-145
146,V_4-146
147,V_4-147
148,V_4-148
149,V_4-149
150,V_4-150
151,V_4-151
152,V_4-152
153,V_4-153
154,V_4-154
155,V_4-155
156,V_4-156
157,V_4-157
158,V_4-158
159,V_4-159
160,V_4-160
161,V_4-161
162,V_4-162
163,V_4-163
164,V_4-164
165,V_4-165
166,V_4-166
167,V_4-167
168,V_4-168
169,V_4-169
170,V_4-170
171,V_4-171
172,V_4-172
173,V_4-173
174,V_4-174
175,V_4-175
176,V_4-176
177,V_4-177
178,V_4-178
179,V_4-179
180,V_4-180
181,V_4-181
182,V_4-182
183,V_4-183
184,V_4-184
185,V_4-185
186,V_4-186
187,V_4-187
188,V_4-188
189,V_4-189
190,V_4-190
191,V_4-191
192,V_4-192
193,V_4-193
194,V_4-194
195,V_4-195
196,V_4-196
197,V_4-197
198,V_4-198
199,V_4-199
200,V_4-200
201,V_4-201
202,V_4-202
203,V_4-203
204,V_4-204
205,V_4-205
206,V_4-206
207,V_4-207
208,V_4-208
209,V_4-209
210,V_4-210
211,V_4-211
212,V_4-212
213,V_4-213
214,V_4-214
215,V_4-215
216,V_4-216
217,V_4-217
218,V_4-218
219,V_4-219
220,V_4-220
221,V_4-221
222,V_4-222
223,V_4-223
224,V_4-224
225,V_4-225
226,V_4-226
227,V_4-227
228,V_4-228
229,V_4-229
230,V_4-230
231,V_4-231
232,V_4-232
233,V_4-233
234,V_4-234
235,V_4-235
236,V_4-236
237,V_4-237
238,V_4-238
239,V_4-239
240,V_4-240
241,V_4-241
242,V_4-242
243,V_4-243
244,V_4-244
245,V_4-245
246,V_4-246
247,V_4-247
248,V_4-248
249,V_4-249
250,V_4-250
251,V_4-251
252,V_4-252
253,V_4-253
254,V_4-254
255,V_4-255
256,V_4-256
257,V_4-257
258,V_4-258
259,V_4-259
260,V_4-260
261,V_4-261
262,V_4-262
263,V_4-263
264,V_4-264
265,V_4-265
266,V_4-266
267,V_4-267
268,V_4-268
269,V_4-269
270,V_4-270
271,V_4-271
272,V_4-272
273,V_4-273
274,V_4-274
275,V_4-275
276,V_4-276
277,V_4-277
278,V_4-278
279,V_4-279
280,V_4-280
281,V_4-281
282,V_4-282
283,V_4-283
284,V_4-284
285,V_4-285
286,V_4-286
287,V_4-287
288,V_4-288
289,V_4-289
290,V_4-290
291,V_4-291
292,V_4-292
293,V_4-293
294,V_4-294
295,V_4-295
296,V_4-296
297,V_4-297
298,V_4-298
299,V_4-299
300,V_4-300
301,V_4-301
302,V_4-302
303,V_4-303
304,V_4-304
305,V_4-305
306,V_4-306
307,V_4-307
308,V_4-308
309,V_4-309
310,V_4-310
311,V_4-311
312,V_4-312
313,V_4-313
314,V_4-314
315,V_4-315
316,V_4-316
317,V_4-317
318,V_4-318
319,V_4-319
320,V_4-320
321,V_4-321
322,V_4-322
323,V_4-323
324,V_4-324
325,V_4-325
326,V_4-326
327,V_4-327
328,V_4-328
329,V_4-329
330,V_4-330
331,V_4-331
332,V_4-332
333,V_4-333
334,V_4-334
335,V_4-335
336,V_4-336
337,V_4-337
338,V_4-338
339,V_4-339
340,V_4-340
341,V_4-341
342,V_4-342
343,V_4-343
344,V_4-344
345,V_4-345
346,V_4-346
347,V_4-347
348,V_4-348
349,V_4-349
350,V_4-350
351,V_4-351
352,V_4-352
353,V_4-353
354,V_4-354
355,V_4-355
356,V_4-356
357,V_4-357
358,V_4-358
359,V_4-359
360,V_4-360
361,V_4-361
362,V_4-362
363,V_4-363
364,V_4-364
365,V_4-365
366,V_4-366
367,V_4-367
368,V_4-368
369,V_4-369
370,V_4-370
371,V_4-371
372,V_4-372
373,V_4-373
374,V_4-374
375,V_4-375
376,V_4-376
377,V_4-377
378,V_4-378
379,V_4-379
380,V_4-380
381,V_4-381
382,V_4-382
383,V_4-383
384,V_4-384
385,V_4-385
386,V_4-386
387,V_4-387
388,V_4-388
389,V_4-389
390,V_4-390
391,V_4-391
392,V_4-392
393,V_4-393
394,V_4-394
395,V_4-395
396,V_4-396
397,V_4-397
398,V_4-398
399,V_4-399
400,V_4-400
401,V_4-401
402,V_4-402
403,V_4-403
404,V_4-404
405,V_4-405
406,V_4-406
407,V_4-407
408,V_4-408
409,V_4-409
410,V_4-410
411,V_4-411
412,V_4-412
413,V_4-413
414,V_4-414
415,V_4-415
416,V_4-416
417,V_4-417
418,V_4-418
419,V_4-419
420,V_4-420
421,V_4-421
422,V_4-422
423,V_4-423
424,V_4-424
425,V_4-425
426,V_4-426
427,V_4-427
428,V_4-428
429,V_4-429
430,V_4-430
431,V_4-431
432,V_4-432
433,V_4-433
434,V_4-434
435,V_4-435
436,V_4-436
437,V_4-437
438,V_4-438
439,V_4-439
440,V_4-440
441,V_4-441
442,V_4-442
443,V_4-443
444,V_4-444
445,V_4-445
446,V_4-446
447,V_4-447
448,V_4-448
449,V_4-449
450,V_4-450
451,V_4-451
452,V_4-452
453,V_4-453
454,V_4-454
455,V_4-455
456,V_4-456
457,V_4-457
458,V_4-458
459,V_4-459
460,V_4-460
461,V_4-461
462,V_4-462
463,V_4-463
464,V_4-464
465,V_4-465
466,V_4-466
467,V_4-467
468,V_4-468
469,V_4-469
470,V_4-470
471,V_4-471
472,V_4-472
473,V_4-473
474,V_4-474
475,V_4-475
476,V_4-476
477,V_4-477
478,V_4-478
479,V_4-479
480,V_4-480
481,V_4-481
482,V_4-482
483,V_4-483
484,V_4-484
485,V_4-485
486,V_4-486
487,V_4-487
488,V_4-488
489,V_4-489
490,V_4-490
491,V_4-491
492,V_4-492
493,V_4-493
494,V_4-494
495,V_4-495
496,V_4-496
497,V_4-497
498,V_4-498
499,V_4-499
500,V_4-500
501,V_4-501
502,V_4-502
503,V_4-503
504,V_4-504
505,V_4-505
506,V_4-506
507,V_4-507
508,V_4-508
509,V_4-509
510,V_4-510
511,V_4-511
512,V_4-512
513,V_4-513
514,V_4-514
515,V_4-515
516,V_4-516
517,V_4-517
518,V_4-518
519,V_4-519
520,V_4-520
521,V_4-521
522,V_4-522
523,V_4-523
524,V_4-524
525,V_4-525
526,V_4-526
527,V_4-527
528,V_4-528
529,V_4-529
530,V_4-530
531,V_4-531
532,V_4-532
533,V_4-533
534,V_4-534
535,V_4-535
536,V_4-536
537,V_4-537
538,V_4-538
539,V_4-539
540,V_4-540
541,V_4-541
542,V_4-542
543,V_4-543
544,V_4-544
545,V_4-545
546,V_4-546
547,V_4-547
548,V_4-548
549,V_4-549
550,V_4-550
551,V_4-551
552,V_4-552
553,V_4-553
554,V_4-554
555,V_4-555
556,V_4-556
557,V_4-557
558,V_4-558
559,V_4-559
560,V_4-560
561,V_4-561
562,V_4-562
563,V_4-563
564,V_4-564
565,V_4-565
566,V_4-566
567,V_4-567
568,V_4-568
569,V_4-569
570,V_4-570
571,V_4-571
572,V_4-572
573,V_4-573
574,V_4-574
575,V_4-575
576,V_4-576
577,V_4-577
578,V_4-578
579,V_4-579
580,V_4-580
581,V_4-581
582,V_4-582
583,V_4-583
584,V_4-584
585,V_4-585
586,V_4-586
587,V_4-587
588,V_4-588
589,V_4-589
590,V_4-590
591,V_4-591
592,V_4-592
593,V_4-593
594,V_4-594
595,V_4-595
596,V_4-596
597,V_4-597
598,V_4-598
599,V_4-599
600,V_4-600
601,V_4-601
602,V_4-602
603,V_4-603
604,V_4-604
605,V_4-605
606,V_4-606
607,V_4-607
608,V_4-608
609,V_4-609
610,V_4-610
611,V_4-611
612,V_4-612
613,V_4-613
614,V_4-614
615,V_4-615
616,V_4-616
617,V_4-617
618,V_4-618
619,V_4-619
620,V_4-620
621,V_4-621
622,V_4-622
623,V_4-623
624,V_4-624
625,V_4-625
626,V_4-626
627,V_4-627
628,V_4-628
629,V_4-629
630,V_4-630
631,V_4-631
632,V_4-632
633,V_4-633
634,V_4-634
635,V_4-635
636,V_4-636
637,V_4-637
638,V_4-638
639,V_4-639
640,V_4-640
641,V_4-641
642,V_4-642
643,V_4-643
644,V_4-644
645,V_4-645
646,V_4-646
647,V_4-647
648,V_4-648
649,V_4-649
650,V_4-650
651,V_4-651
652,V_4-652
653,V_4-653
654,V_4-654
655,V_4-655
656,V_4-656
657,V_4-657
658,V_4-658
659,V_4-659
660,V_4-660
661,V_4-661
662,V_4-662
663,V_4-663
664,V_4-664
665,V_4-665
666,V_4-666
667,V_4-667
668,V_4-668
669,V_4-669
670,V_4-670
671,V_4-671
672,V_4-672
673,V_4-673
674,V_4-674
675,V_4-675
676,V_4-676
677,V_4-677
678,V_4-678
679,V_4-679
680,V_4-680
681,V_4-681
682,V_4-682
683,V_4-683
684,V_4-684
685,V_4-685
686,V_4-686
687,V_4-687
688,V_4-688
689,V_4-689
690,V_4-690
691,V_4-691
692,V_4-692
693,V_4-693
694,V_4-694
695,V_4-695
696,V_4-696
697,V_4-697
698,V_4-698
699,V_4-699
700,V_4-700
701,V_4-701
702,V_4-702
703,V_4-703
704,V_4-704
705,V_4-705
706,V_4-706
707,V_4-707
708,V_4-708
709,V_4-709
710,V_4-710
711,V_4-711
712,V_4-712
713,V_4-713
714,V_4-714
715,V_4-715
716,V_4-716
717,V_4-717
718,V_4-718
719,V_4-719
720,V_4-720
721,V_4-721
722,V_4-722
723,V_4-723
724,V_4-724
725,V_4-725
726,V_4-726
727,V_4-727
728,V_4-728
729,V_4-729
730,V_4-730
731,V_4-731
732,V_4-732
733,V_4-733
734,V_4-734
735,V_4-735
736,V_4-736
737,V_4-737
738,V_4-738
739,V_4-739
740,V_4-740
741,V_4-741
742,V_4-742
743,V_4-743
744,V_4-744
745,V_4-745
746,V_4-746
747,V_4-747
748,V_4-748
749,V_4-749
750,V_4-750
751,V_4-751
752,V_4-752
753,V_4-753
754,V_4-754
755,V_4-755
756,V_4-756
757,V_4-757
758,V_4-758
759,V_4-759
760,V_4-760
761,V_4-761
762,V_4-762
763,V_4-763
764,V_4-764
765,V_4-765
766,V_4-766
767,V_4-767
768,V_4-768
769,V_4-769
770,V_4-770
771,V_4-771
772,V_4-772
773,V_4-773
774,V_4-774
775,V_4-775
776,V_4-776
777,V_4-777
778,V_4-778
779,V_4-779
780,V_4-780
781,V_4-781
782,V_4-782
783,V_4-783
784,V_4-784
785,V_4-785
786,V_4-786
787,V_4-787
788,V_4-788
789,V_4-789
790,V_4-790
791,V_4-791
792,V_4-792
793,V_4-793
794,V_4-794
795,V_4-795
796,V_4-796
797,V_4-797
798,V_4-798
799,V_4-799
800,V_4-800
801,V_4-801
802,V_4-802
803,V_4-803
804,V_4-804
805,V_4-805
806,V_4-806
807,V_4-807
808,V_4-808
809,V_4-809
810,V_4-810
811,V_4-811
812,V_4-812
813,V_4-813
814,V_4-814
815,V_4-815
816,V_4-816
817,V_4-817
818,V_4-818
819,V_4-819
820,V_4-820
821,V_4-821
822,V_4-822
823,V_4-823
824,V_4-824
825,V_4-825
826,V_4-826
827,V_4-827
828,V_4-828
829,V_4-829
830,V_4-830
831,V_4-831
832,V_4-832
833,V_4-833
834,V_4-834
835,V_4-835
836,V_4-836
837,V_4-837
838,V_4-838
839,V_4-839
840,V_4-840
841,V_4-841
842,V_4-842
843,V_4-843
844,V_4-844
845,V_4-845
846,V_4-846
847,V_4-847
848,V_4-848
849,V_4-849
850,V_4-850
851,V_4-851
852,V_4-852
853,V_4-853
854,V_4-854
855,V_4-855
856,V_4-856
857,V_4-857
858,V_4-858
859,V_4-859
860,V_4-860
861,V_4-861
862,V_4-862
863,V_4-863
864,V_4-864
865,V_4-865
866,V_4-866
867,V_4-867
868,V_4-868
869,V_4-869
870,V_4-870
871,V_4-871
872,V_4-872
873,V_4-873
874,V_4-874
875,V_4-875
876,V_4-876
877,V_4-877
878,V_4-878
879,V_4-879
880,V_4-880
881,V_4-881
882,V_4-882
883,V_4-883
884,V_4-884
885,V_4-885
886,V_4-886
887,V_4-887
888,V_4-888
889,V_4-889
890,V_4-890
891,V_4-891
892,V_4-892
893,V_4-893
894,V_4-894
895,V_4-895
896,V_4-896
897,V_4-897
898,V_4-898
899,V_4-899
900,V_4-900
901,V_4-901
902,V_4-902
903,V_4-903
904,V_4-904
905,V_4-905
906,V_4-906
907,V_4-907
908,V_4-908
909,V_4-909
910,V_4-910
911,V_4-911
912,V_4-912
913,V_4-913
914,V_4-914
915,V_4-915
916,V_4-916
917,V_4-917
918,V_4-918
919,V_4-919
920,V_4-920
921,V_4-921
922,V_4-922
923,V_4-923
924,V_4-924
925,V_4-925
926,V_4-926
927,V_4-927
928,V_4-928
929,V_4-929
930,V_4-930
931,V_4-931
932,V_4-932
933,V_4-933
934,V_4-934
935,V_4-935
936,V_4-936
937,V_4-937
938,V_4-938
939,V_4-939
940,V_4-940
941,V_4-941
942,V_4-942
943,V_4-943
944,V_4-944
945,V_4-945
946,V_4-946
947,V_4-947
948,V_4-948
949,V_4-949
950,V_4-950
951,V_4-951
952,V_4-952
953,V_4-953
954,V_4-954
955,V_4-955
956,V_4-956
957,V_4-957
958,V_4-958
959,V_4-959
960,V_4-960
961,V_4-961
962,V_4-962
963,V_4-963
964,V_4-964
965,V_4-965
966,V_4-966
967,V_4-967
968,V_4-968
969,V_4-969
970,V_4-970
971,V_4-971
972,V_4-972
973,V_4-973
974,V_4-974
975,V_4-975
976,V_4-976
977,V_4-977
978,V_4-978
979,V_4-979
980,V_4-980
981,V_4-981
982,V_4-982
983,V_4-983
984,V_4-984
985,V_4-985
986,V_4-986
987,V_4-987
988,V_4-988
989,V_4-989
990,V_4-990
991,V_4-991
992,V_4-992
993,V_4-993
994,V_4-994
995,V_4-995
996,V_4-996
997,V_4-997
998,V_4-998
999,V_4-999
1000,V_4-1000
