ID,P04,P05
1,V_4-1,V_5-1
2,V_4-2,V_5-2
3,V_4-3,V_5-3
4,V_4-4,V_5-4
5,V_4-5,V_5-5
6,V_4-6,V_5-6
7,V_4-7,V_5-7
8,V_4-8,V_5-8
9,V_4-9,V_5-9
10,V_4-10,V_5-10
11,V_4-11,V_5-11
12,V_4-12,V_5-12
13,V_4-13,V_5-13
14,V_4-14,V_5-14
15,V_4-15,V_5-15
16,V_4-16,V_5-16
17,V_4-17,V_5-17
18,V_4-18,V_5-18
19,V_4-19,V_5-19
20,V_4-20,V_5-20
21,V_4-21,V_5-21
22,V_4-22,V_5-22
23,V_4-23,V_5-23
24,V_4-24,V_5-24
25,V_4-25,V_5-25
26,V_4-26,V_5-26
27,V_4-27,V_5-27
28,V_4-28,V_5-28
29,V_4-29,V_5-29
30,V_4-30,V_5-30
31,V_4-31,V_5-31
32,V_4-32,V_5-32
33,V_4-33,V_5-33
34,V_4-34,V_5-34
35,V_4-35,V_5-35
36,V_4-36,V_5-36
37,V_4-37,V_5-37
38,V_4-38,V_5-38
39,V_4-39,V_5-39
40,V_4-40,V_5-40
41,V_4-41,V_5-41
42,V_4-42,V_5-42
43,V_4-43,V_5-43
44,V_4-44,V_5-44
45,V_4-45,V_5-45
46,V_4-46,V_5-46
47,V_4-47,V_5-47
48,V_4-48,V_5-48
49,V_4-49,V_5-49
50,V_4-50,V_5-50
51,V_4-51,V_5-51
52,V_4-52,V_5-52
53,V_4-53,V_5-53
54,V_4-54,V_5-54
55,V_4-55,V_5-55
56,V_4-56,V_5-56
57,V_4-57,V_5-57
58,V_4-58,V_5-58
59,V_4-59,V_5-59
60,V_4-60,V_5-60
61,V_4-61,V_5-61
62,V_4-62,V_5-62
63,V_4-63,V_5-63
64,V_4-64,V_5-64
65,V_4-65,V_5-65
66,V_4-66,V_5-66
67,V_4-67,V_5-67
68,V_4-68,V_5-68
69,V_4-69,V_5-69
70,V_4-70,V_5-70
71,V_4-71,V_5-71
72,V_4-72,V_5-72
73,V_4-73,V_5-73
74,V_4-74,V_5-74
75,V_4-75,V_5-75
76,V_4-76,V_5-76
77,V_4-77,V_5-77
78,V_4-78,V_5-78
79,V_4-79,V_5-79
80,V_4-80,V_5-80
81,V_4-81,V_5-81
82,V_4-82,V_5-82
83,V_4-83,V_5-83
84,V_4-84,V_5-84
85,V_4-85,V_5-85
86,V_4-86,V_5-86
87,V_4-87,V_5-87
88,V_4-88,V_5-88
89,V_4-89,V_5-89
90,V_4-90,V_5-90
91,V_4-91,V_5-91
92,V_4-92,V_5-92
93,V_4-93,V_5-93
94,V_4-94,V_5-94
95,V_4-95,V_5-95
96,V_4-96,V_5-96
97,V_4-97,V_5-97
98,V_4-98,V_5-98
99,V_4-99,V_5-99
100,V_4-100,V_5-100
101,V_4-101,V_5-101
102,V_4-102,V_5-102
103,V_4-103,V_5-103
104,V_4-104,V_5-104
105,V_4-105,V_5-105
106,V_4-106,V_5-106
107,V_4-107,V_5-107
108,V_4-108,V_5-108
109,V_4-109,V_5-109
110,V_4-110,V_5-110
111,V_4-111,V_5-111
112,V_4-112,V_5-112
113,V_4-113,V_5-113
114,V_4-114,V_5-114
115,V_4-115,V_5-115
116,V_4-116,V_5-116
117,V_4-117,V_5-117
118,V_4-118,V_5-118
119,V_4-119,V_5-119
120,V_4-120,V_5-120
121,V_4-121,V_5-121
122,V_4-122,V_5-122
123,V_4-123,V_5-123
124,V_4-124,V_5-124
125,V_4-125,V_5-125
126,V_4-126,V_5-126
127,V_4-127,V_5-127
128,V_4-128,V_5-128
129,V_4-129,V_5-129
130,V_4-130,V_5-130
131,V_4-131,V_5-131
132,V_4-132,V_5-132
133,V_4-133,V_5-133
134,V_4-134,V_5-134
135,V_4-135,V_5-135
136,V_4-136,V_5-136
137,V_4-137,V_5-137
138,V_4-138,V_5-138
139,V_4-139,V_5-139
140,V_4-140,V_5-140
141,V_4-141,V_5-141
142,V_4-142,V_5-142
143,V_4-143,V_5-143
144,V_4-144,V_5-144
145,V_4-145,V_5-145
146,V_4-146,V_5-146
147,V_4-147,V_5-147
148,V_4-148,V_5-148
149,V_4-149,V_5-149
150,V_4-150,V_5-150
151,V_4-151,V_5-151
152,V_4-152,V_5-152
153,V_4-153,V_5-153
154,V_4-154,V_5-154
155,V_4-155,V_5-155
156,V_4-156,V_5-156
157,V_4-157,V_5-157
158,V_4-158,V_5-158
159,V_4-159,V_5-159
160,V_4-160,V_5-160
161,V_4-161,V_5-161
162,V_4-162,V_5-162
163,V_4-163,V_5-163
164,V_4-164,V_5-164
165,V_4-165,V_5-165
166,V_4-166,V_5-166
167,V_4-167,V_5-167
168,V_4-168,V_5-168
169,V_4-169,V_5-169
170,V_4-170,V_5-170
171,V_4-171,V_5-171
172,V_4-172,V_5-172
173,V_4-173,V_5-173
174,V_4-174,V_5-174
175,V_4-175,V_5-175
176,V_4-176,V_5-176
177,V_4-177,V_5-177
178,V_4-178,V_5-178
179,V_4-179,V_5-179
180,V_4-180,V_5-180
181,V_4-181,V_5-181
182,V_4-182,V_5-182
183,V_4-183,V_5-183
184,V_4-184,V_5-184
185,V_4-185,V_5-185
186,V_4-186,V_5-186
187,V_4-187,V_5-187
188,V_4-188,V_5-188
189,V_4-189,V_5-189
190,V_4-190,V_5-190
191,V_4-191,V_5-191
192,V_4-192,V_5-192
193,V_4-193,V_5-193
194,V_4-194,V_5-194
195,V_4-195,V_5-195
196,V_4-196,V_5-196
197,V_4-197,V_5-197
198,V_4-198,V_5-198
199,V_4-199,V_5-199
200,V_4-200,V_5-200
201,V_4-201,V_5-201
202,V_4-202,V_5-202
203,V_4-203,V_5-203
204,V_4-204,V_5-204
205,V_4-205,V_5-205
206,V_4-206,V_5-206
207,V_4-207,V_5-207
208,V_4-208,V_5-208
209,V_4-209,V_5-209
210,V_4-210,V_5-210
211,V_4-211,V_5-211
212,V_4-212,V_5-212
213,V_4-213,V_5-213
214,V_4-214,V_5-214
215,V_4-215,V_5-215
216,V_4-216,V_5-216
217,V_4-217,V_5-217
218,V_4-218,V_5-218
219,V_4-219,V_5-219
220,V_4-220,V_5-220
221,V_4-221,V_5-221
222,V_4-222,V_5-222
223,V_4-223,V_5-223
224,V_4-224,V_5-224
225,V_4-225,V_5-225
226,V_4-226,V_5-226
227,V_4-227,V_5-227
228,V_4-228,V_5-228
229,V_4-229,V_5-229
230,V_4-230,V_5-230
231,V_4-231,V_5-231
232,V_4-232,V_5-232
233,V_4-233,V_5-233
234,V_4-234,V_5-234
235,V_4-235,V_5-235
236,V_4-236,V_5-236
237,V_4-237,V_5-237
238,V_4-238,V_5-238
239,V_4-239,V_5-239
240,V_4-240,V_5-240
241,V_4-241,V_5-241
242,V_4-242,V_5-242
243,V_4-243,V_5-243
244,V_4-244,V_5-244
245,V_4-245,V_5-245
246,V_4-246,V_5-246
247,V_4-247,V_5-247
248,V_4-248,V_5-248
249,V_4-249,V_5-249
250,V_4-250,V_5-250
251,V_4-251,V_5-251
252,V_4-252,V_5-252
253,V_4-253,V_5-253
254,V_4-254,V_5-254
255,V_4-255,V_5-255
256,V_4-256,V_5-256
257,V_4-257,V_5-257
258,V_4-258,V_5-258
259,V_4-259,V_5-259
260,V_4-260,V_5-260
261,V_4-261,V_5-261
262,V_4-262,V_5-262
263,V_4-263,V_5-263
264,V_4-264,V_5-264
265,V_4-265,V_5-265
266,V_4-266,V_5-266
267,V_4-267,V_5-267
268,V_4-268,V_5-268
269,V_4-269,V_5-269
270,V_4-270,V_5-270
271,V_4-271,V_5-271
272,V_4-272,V_5-272
273,V_4-273,V_5-273
274,V_4-274,V_5-274
275,V_4-275,V_5-275
276,V_4-276,V_5-276
277,V_4-277,V_5-277
278,V_4-278,V_5-278
279,V_4-279,V_5-279
280,V_4-280,V_5-280
281,V_4-281,V_5-281
282,V_4-282,V_5-282
283,V_4-283,V_5-283
284,V_4-284,V_5-284
285,V_4-285,V_5-285
286,V_4-286,V_5-286
287,V_4-287,V_5-287
288,V_4-288,V_5-288
289,V_4-289,V_5-289
290,V_4-290,V_5-290
291,V_4-291,V_5-291
292,V_4-292,V_5-292
293,V_4-293,V_5-293
294,V_4-294,V_5-294
295,V_4-295,V_5-295
296,V_4-296,V_5-296
297,V_4-297,V_5-297
298,V_4-298,V_5-298
299,V_4-299,V_5-299
300,V_4-300,V_5-300
301,V_4-301,V_5-301
302,V_4-302,V_5-302
303,V_4-303,V_5-303
304,V_4-304,V_5-304
305,V_4-305,V_5-305
306,V_4-306,V_5-306
307,V_4-307,V_5-307
308,V_4-308,V_5-308
309,V_4-309,V_5-309
310,V_4-310,V_5-310
311,V_4-311,V_5-311
312,V_4-312,V_5-312
313,V_4-313,V_5-313
314,V_4-314,V_5-314
315,V_4-315,V_5-315
316,V_4-316,V_5-316
317,V_4-317,V_5-317
318,V_4-318,V_5-318
319,V_4-319,V_5-319
320,V_4-320,V_5-320
321,V_4-321,V_5-321
322,V_4-322,V_5-322
323,V_4-323,V_5-323
324,V_4-324,V_5-324
325,V_4-325,V_5-325
326,V_4-326,V_5-326
327,V_4-327,V_5-327
328,V_4-328,V_5-328
329,V_4-329,V_5-329
330,V_4-330,V_5-330
331,V_4-331,V_5-331
332,V_4-332,V_5-332
333,V_4-333,V_5-333
334,V_4-334,V_5-334
335,V_4-335,V_5-335
336,V_4-336,V_5-336
337,V_4-337,V_5-337
338,V_4-338,V_5-338
339,V_4-339,V_5-339
340,V_4-340,V_5-340
341,V_4-341,V_5-341
342,V_4-342,V_5-342
343,V_4-343,V_5-343
344,V_4-344,V_5-344
345,V_4-345,V_5-345
346,V_4-346,V_5-346
347,V_4-347,V_5-347
348,V_4-348,V_5-348
349,V_4-349,V_5-349
350,V_4-350,V_5-350
351,V_4-351,V_5-351
352,V_4-352,V_5-352
353,V_4-353,V_5-353
354,V_4-354,V_5-354
355,V_4-355,V_5-355
356,V_4-356,V_5-356
357,V_4-357,V_5-357
358,V_4-358,V_5-358
359,V_4-359,V_5-359
360,V_4-360,V_5-360
361,V_4-361,V_5-361
362,V_4-362,V_5-362
363,V_4-363,V_5-363
364,V_4-364,V_5-364
365,V_4-365,V_5-365
366,V_4-366,V_5-366
367,V_4-367,V_5-367
368,V_4-368,V_5-368
369,V_4-369,V_5-369
370,V_4-370,V_5-370
371,V_4-371,V_5-371
372,V_4-372,V_5-372
373,V_4-373,V_5-373
374,V_4-374,V_5-374
375,V_4-375,V_5-375
376,V_4-376,V_5-376
377,V_4-377,V_5-377
378,V_4-378,V_5-378
379,V_4-379,V_5-379
380,V_4-380,V_5-380
381,V_4-381,V_5-381
382,V_4-382,V_5-382
383,V_4-383,V_5-383
384,V_4-384,V_5-384
385,V_4-385,V_5-385
386,V_4-386,V_5-386
387,V_4-387,V_5-387
388,V_4-388,V_5-388
389,V_4-389,V_5-389
390,V_4-390,V_5-390
391,V_4-391,V_5-391
392,V_4-392,V_5-392
393,V_4-393,V_5-393
394,V_4-394,V_5-394
395,V_4-395,V_5-395
396,V_4-396,V_5-396
397,V_4-397,V_5-397
398,V_4-398,V_5-398
399,V_4-399,V_5-399
400,V_4-400,V_5-400
401,V_4-401,V_5-401
402,V_4-402,V_5-402
403,V_4-403,V_5-403
404,V_4-404,V_5-404
405,V_4-405,V_5-405
406,V_4-406,V_5-406
407,V_4-407,V_5-407
408,V_4-408,V_5-408
409,V_4-409,V_5-409
410,V_4-410,V_5-410
411,V_4-411,V_5-411
412,V_4-412,V_5-412
413,V_4-413,V_5-413
414,V_4-414,V_5-414
415,V_4-415,V_5-415
416,V_4-416,V_5-416
417,V_4-417,V_5-417
418,V_4-418,V_5-418
419,V_4-419,V_5-419
420,V_4-420,V_5-420
421,V_4-421,V_5-421
422,V_4-422,V_5-422
423,V_4-423,V_5-423
424,V_4-424,V_5-424
425,V_4-425,V_5-425
426,V_4-426,V_5-426
427,V_4-427,V_5-427
428,V_4-428,V_5-428
429,V_4-429,V_5-429
430,V_4-430,V_5-430
431,V_4-431,V_5-431
432,V_4-432,V_5-432
433,V_4-433,V_5-433
434,V_4-434,V_5-434
435,V_4-435,V_5-435
436,V_4-436,V_5-436
437,V_4-437,V_5-437
438,V_4-438,V_5-438
439,V_4-439,V_5-439
440,V_4-440,V_5-440
441,V_4-441,V_5-441
442,V_4-442,V_5-442
443,V_4-443,V_5-443
444,V_4-444,V_5-444
445,V_4-445,V_5-445
446,V_4-446,V_5-446
447,V_4-447,V_5-447
448,V_4-448,V_5-448
449,V_4-449,V_5-449
450,V_4-450,V_5-450
451,V_4-451,V_5-451
452,V_4-452,V_5-452
453,V_4-453,V_5-453
454,V_4-454,V_5-454
455,V_4-455,V_5-455
456,V_4-456,V_5-456
457,V_4-457,V_5-457
458,V_4-458,V_5-458
459,V_4-459,V_5-459
460,V_4-460,V_5-460
461,V_4-461,V_5-461
462,V_4-462,V_5-462
463,V_4-463,V_5-463
464,V_4-464,V_5-464
465,V_4-465,V_5-465
466,V_4-466,V_5-466
467,V_4-467,V_5-467
468,V_4-468,V_5-468
469,V_4-469,V_5-469
470,V_4-470,V_5-470
471,V_4-471,V_5-471
472,V_4-472,V_5-472
473,V_4-473,V_5-473
474,V_4-474,V_5-474
475,V_4-475,V_5-475
476,V_4-476,V_5-476
477,V_4-477,V_5-477
478,V_4-478,V_5-478
479,V_4-479,V_5-479
480,V_4-480,V_5-480
481,V_4-481,V_5-481
482,V_4-482,V_5-482
483,V_4-483,V_5-483
484,V_4-484,V_5-484
485,V_4-485,V_5-485
486,V_4-486,V_5-486
487,V_4-487,V_5-487
488,V_4-488,V_5-488
489,V_4-489,V_5-489
490,V_4-490,V_5-490
491,V_4-491,V_5-491
492,V_4-492,V_5-492
493,V_4-493,V_5-493
494,V_4-494,V_5-494
495,V_4-495,V_5-495
496,V_4-496,V_5-496
497,V_4-497,V_5-497
498,V_4-498,V_5-498
499,V_4-499,V_5-499
500,V_4-500,V_5-500
501,V_4-501,V_5-501
502,V_4-502,V_5-502
503,V_4-503,V_5-503
504,V_4-504,V_5-504
505,V_4-505,V_5-505
506,V_4-506,V_5-506
507,V_4-507,V_5-507
508,V_4-508,V_5-508
509,V_4-509,V_5-509
510,V_4-510,V_5-510
511,V_4-511,V_5-511
512,V_4-512,V_5-512
513,V_4-513,V_5-513
514,V_4-514,V_5-514
515,V_4-515,V_5-515
516,V_4-516,V_5-516
517,V_4-517,V_5-517
518,V_4-518,V_5-518
519,V_4-519,V_5-519
520,V_4-520,V_5-520
521,V_4-521,V_5-521
522,V_4-522,V_5-522
523,V_4-523,V_5-523
524,V_4-524,V_5-524
525,V_4-525,V_5-525
526,V_4-526,V_5-526
527,V_4-527,V_5-527
528,V_4-528,V_5-528
529,V_4-529,V_5-529
530,V_4-530,V_5-530
531,V_4-531,V_5-531
532,V_4-532,V_5-532
533,V_4-533,V_5-533
534,V_4-534,V_5-534
535,V_4-535,V_5-535
536,V_4-536,V_5-536
537,V_4-537,V_5-537
538,V_4-538,V_5-538
539,V_4-539,V_5-539
540,V_4-540,V_5-540
541,V_4-541,V_5-541
542,V_4-542,V_5-542
543,V_4-543,V_5-543
544,V_4-544,V_5-544
545,V_4-545,V_5-545
546,V_4-546,V_5-546
547,V_4-547,V_5-547
548,V_4-548,V_5-548
549,V_4-549,V_5-549
550,V_4-550,V_5-550
551,V_4-551,V_5-551
552,V_4-552,V_5-552
553,V_4-553,V_5-553
554,V_4-554,V_5-554
555,V_4-555,V_5-555
556,V_4-556,V_5-556
557,V_4-557,V_5-557
558,V_4-558,V_5-558
559,V_4-559,V_5-559
560,V_4-560,V_5-560
561,V_4-561,V_5-561
562,V_4-562,V_5-562
563,V_4-563,V_5-563
564,V_4-564,V_5-564
565,V_4-565,V_5-565
566,V_4-566,V_5-566
567,V_4-567,V_5-567
568,V_4-568,V_5-568
569,V_4-569,V_5-569
570,V_4-570,V_5-570
571,V_4-571,V_5-571
572,V_4-572,V_5-572
573,V_4-573,V_5-573
574,V_4-574,V_5-574
575,V_4-575,V_5-575
576,V_4-576,V_5-576
577,V_4-577,V_5-577
578,V_4-578,V_5-578
579,V_4-579,V_5-579
580,V_4-580,V_5-580
581,V_4-581,V_5-581
582,V_4-582,V_5-582
583,V_4-583,V_5-583
584,V_4-584,V_5-584
585,V_4-585,V_5-585
586,V_4-586,V_5-586
587,V_4-587,V_5-587
588,V_4-588,V_5-588
589,V_4-589,V_5-589
590,V_4-590,V_5-590
591,V_4-591,V_5-591
592,V_4-592,V_5-592
593,V_4-593,V_5-593
594,V_4-594,V_5-594
595,V_4-595,V_5-595
596,V_4-596,V_5-596
597,V_4-597,V_5-597
598,V_4-598,V_5-598
599,V_4-599,V_5-599
600,V_4-600,V_5-600
601,V_4-601,V_5-601
602,V_4-602,V_5-602
603,V_4-603,V_5-603
604,V_4-604,V_5-604
605,V_4-605,V_5-605
606,V_4-606,V_5-606
607,V_4-607,V_5-607
608,V_4-608,V_5-608
609,V_4-609,V_5-609
610,V_4-610,V_5-610
611,V_4-611,V_5-611
612,V_4-612,V_5-612
613,V_4-613,V_5-613
614,V_4-614,V_5-614
615,V_4-615,V_5-615
616,V_4-616,V_5-616
617,V_4-617,V_5-617
618,V_4-618,V_5-618
619,V_4-619,V_5-619
620,V_4-620,V_5-620
621,V_4-621,V_5-621
622,V_4-622,V_5-622
623,V_4-623,V_5-623
624,V_4-624,V_5-624
625,V_4-625,V_5-625
626,V_4-626,V_5-626
627,V_4-627,V_5-627
628,V_4-628,V_5-628
629,V_4-629,V_5-629
630,V_4-630,V_5-630
631,V_4-631,V_5-631
632,V_4-632,V_5-632
633,V_4-633,V_5-633
634,V_4-634,V_5-634
635,V_4-635,V_5-635
636,V_4-636,V_5-636
637,V_4-637,V_5-637
638,V_4-638,V_5-638
639,V_4-639,V_5-639
640,V_4-640,V_5-640
641,V_4-641,V_5-641
642,V_4-642,V_5-642
643,V_4-643,V_5-643
644,V_4-644,V_5-644
645,V_4-645,V_5-645
646,V_4-646,V_5-646
647,V_4-647,V_5-647
648,V_4-648,V_5-648
649,V_4-649,V_5-649
650,V_4-650,V_5-650
651,V_4-651,V_5-651
652,V_4-652,V_5-652
653,V_4-653,V_5-653
654,V_4-654,V_5-654
655,V_4-655,V_5-655
656,V_4-656,V_5-656
657,V_4-657,V_5-657
658,V_4-658,V_5-658
659,V_4-659,V_5-659
660,V_4-660,V_5-660
661,V_4-661,V_5-661
662,V_4-662,V_5-662
663,V_4-663,V_5-663
664,V_4-664,V_5-664
665,V_4-665,V_5-665
666,V_4-666,V_5-666
667,V_4-667,V_5-667
668,V_4-668,V_5-668
669,V_4-669,V_5-669
670,V_4-670,V_5-670
671,V_4-671,V_5-671
672,V_4-672,V_5-672
673,V_4-673,V_5-673
674,V_4-674,V_5-674
675,V_4-675,V_5-675
676,V_4-676,V_5-676
677,V_4-677,V_5-677
678,V_4-678,V_5-678
679,V_4-679,V_5-679
680,V_4-680,V_5-680
681,V_4-681,V_5-681
682,V_4-682,V_5-682
683,V_4-683,V_5-683
684,V_4-684,V_5-684
685,V_4-685,V_5-685
686,V_4-686,V_5-686
687,V_4-687,V_5-687
688,V_4-688,V_5-688
689,V_4-689,V_5-689
690,V_4-690,V_5-690
691,V_4-691,V_5-691
692,V_4-692,V_5-692
693,V_4-693,V_5-693
694,V_4-694,V_5-694
695,V_4-695,V_5-695
696,V_4-696,V_5-696
697,V_4-697,V_5-697
698,V_4-698,V_5-698
699,V_4-699,V_5-699
700,V_4-700,V_5-700
701,V_4-701,V_5-701
702,V_4-702,V_5-702
703,V_4-703,V_5-703
704,V_4-704,V_5-704
705,V_4-705,V_5-705
706,V_4-706,V_5-706
707,V_4-707,V_5-707
708,V_4-708,V_5-708
709,V_4-709,V_5-709
710,V_4-710,V_5-710
711,V_4-711,V_5-711
712,V_4-712,V_5-712
713,V_4-713,V_5-713
714,V_4-714,V_5-714
715,V_4-715,V_5-715
716,V_4-716,V_5-716
717,V_4-717,V_5-717
718,V_4-718,V_5-718
719,V_4-719,V_5-719
720,V_4-720,V_5-720
721,V_4-721,V_5-721
722,V_4-722,V_5-722
723,V_4-723,V_5-723
724,V_4-724,V_5-724
725,V_4-725,V_5-725
726,V_4-726,V_5-726
727,V_4-727,V_5-727
728,V_4-728,V_5-728
729,V_4-729,V_5-729
730,V_4-730,V_5-730
731,V_4-731,V_5-731
732,V_4-732,V_5-732
733,V_4-733,V_5-733
734,V_4-734,V_5-734
735,V_4-735,V_5-735
736,V_4-736,V_5-736
737,V_4-737,V_5-737
738,V_4-738,V_5-738
739,V_4-739,V_5-739
740,V_4-740,V_5-740
741,V_4-741,V_5-741
742,V_4-742,V_5-742
743,V_4-743,V_5-743
744,V_4-744,V_5-744
745,V_4-745,V_5-745
746,V_4-746,V_5-746
747,V_4-747,V_5-747
748,V_4-748,V_5-748
749,V_4-749,V_5-749
750,V_4-750,V_5-750
751,V_4-751,V_5-751
752,V_4-752,V_5-752
753,V_4-753,V_5-753
754,V_4-754,V_5-754
755,V_4-755,V_5-755
756,V_4-756,V_5-756
757,V_4-757,V_5-757
758,V_4-758,V_5-758
759,V_4-759,V_5-759
760,V_4-760,V_5-760
761,V_4-761,V_5-761
762,V_4-762,V_5-762
763,V_4-763,V_5-763
764,V_4-764,V_5-764
765,V_4-765,V_5-765
766,V_4-766,V_5-766
767,V_4-767,V_5-767
768,V_4-768,V_5-768
769,V_4-769,V_5-769
770,V_4-770,V_5-770
771,V_4-771,V_5-771
772,V_4-772,V_5-772
773,V_4-773,V_5-773
774,V_4-774,V_5-774
775,V_4-775,V_5-775
776,V_4-776,V_5-776
777,V_4-777,V_5-777
778,V_4-778,V_5-778
779,V_4-779,V_5-779
780,V_4-780,V_5-780
781,V_4-781,V_5-781
782,V_4-782,V_5-782
783,V_4-783,V_5-783
784,V_4-784,V_5-784
785,V_4-785,V_5-785
786,V_4-786,V_5-786
787,V_4-787,V_5-787
788,V_4-788,V_5-788
789,V_4-789,V_5-789
790,V_4-790,V_5-790
791,V_4-791,V_5-791
792,V_4-792,V_5-792
793,V_4-793,V_5-793
794,V_4-794,V_5-794
795,V_4-795,V_5-795
796,V_4-796,V_5-796
797,V_4-797,V_5-797
798,V_4-798,V_5-798
799,V_4-799,V_5-799
800,V_4-800,V_5-800
801,V_4-801,V_5-801
802,V_4-802,V_5-802
803,V_4-803,V_5-803
804,V_4-804,V_5-804
805,V_4-805,V_5-805
806,V_4-806,V_5-806
807,V_4-807,V_5-807
808,V_4-808,V_5-808
809,V_4-809,V_5-809
810,V_4-810,V_5-810
811,V_4-811,V_5-811
812,V_4-812,V_5-812
813,V_4-813,V_5-813
814,V_4-814,V_5-814
815,V_4-815,V_5-815
816,V_4-816,V_5-816
817,V_4-817,V_5-817
818,V_4-818,V_5-818
819,V_4-819,V_5-819
820,V_4-820,V_5-820
821,V_4-821,V_5-821
822,V_4-822,V_5-822
823,V_4-823,V_5-823
824,V_4-824,V_5-824
825,V_4-825,V_5-825
826,V_4-826,V_5-826
827,V_4-827,V_5-827
828,V_4-828,V_5-828
829,V_4-829,V_5-829
830,V_4-830,V_5-830
831,V_4-831,V_5-831
832,V_4-832,V_5-832
833,V_4-833,V_5-833
834,V_4-834,V_5-834
835,V_4-835,V_5-835
836,V_4-836,V_5-836
837,V_4-837,V_5-837
838,V_4-838,V_5-838
839,V_4-839,V_5-839
840,V_4-840,V_5-840
841,V_4-841,V_5-841
842,V_4-842,V_5-842
843,V_4-843,V_5-843
844,V_4-844,V_5-844
845,V_4-845,V_5-845
846,V_4-846,V_5-846
847,V_4-847,V_5-847
848,V_4-848,V_5-848
849,V_4-849,V_5-849
850,V_4-850,V_5-850
851,V_4-851,V_5-851
852,V_4-852,V_5-852
853,V_4-853,V_5-853
854,V_4-854,V_5-854
855,V_4-855,V_5-855
856,V_4-856,V_5-856
857,V_4-857,V_5-857
858,V_4-858,V_5-858
859,V_4-859,V_5-859
860,V_4-860,V_5-860
861,V_4-861,V_5-861
862,V_4-862,V_5-862
863,V_4-863,V_5-863
864,V_4-864,V_5-864
865,V_4-865,V_5-865
866,V_4-866,V_5-866
867,V_4-867,V_5-867
868,V_4-868,V_5-868
869,V_4-869,V_5-869
870,V_4-870,V_5-870
871,V_4-871,V_5-871
872,V_4-872,V_5-872
873,V_4-873,V_5-873
874,V_4-874,V_5-874
875,V_4-875,V_5-875
876,V_4-876,V_5-876
877,V_4-877,V_5-877
878,V_4-878,V_5-878
879,V_4-879,V_5-879
880,V_4-880,V_5-880
881,V_4-881,V_5-881
882,V_4-882,V_5-882
883,V_4-883,V_5-883
884,V_4-884,V_5-884
885,V_4-885,V_5-885
886,V_4-886,V_5-886
887,V_4-887,V_5-887
888,V_4-888,V_5-888
889,V_4-889,V_5-889
890,V_4-890,V_5-890
891,V_4-891,V_5-891
892,V_4-892,V_5-892
893,V_4-893,V_5-893
894,V_4-894,V_5-894
895,V_4-895,V_5-895
896,V_4-896,V_5-896
897,V_4-897,V_5-897
898,V_4-898,V_5-898
899,V_4-899,V_5-899
900,V_4-900,V_5-900
901,V_4-901,V_5-901
902,V_4-902,V_5-902
903,V_4-903,V_5-903
904,V_4-904,V_5-904
905,V_4-905,V_5-905
906,V_4-906,V_5-906
907,V_4-907,V_5-907
908,V_4-908,V_5-908
909,V_4-909,V_5-909
910,V_4-910,V_5-910
911,V_4-911,V_5-911
912,V_4-912,V_5-912
913,V_4-913,V_5-913
914,V_4-914,V_5-914
915,V_4-915,V_5-915
916,V_4-916,V_5-916
917,V_4-917,V_5-917
918,V_4-918,V_5-918
919,V_4-919,V_5-919
920,V_4-920,V_5-920
921,V_4-921,V_5-921
922,V_4-922,V_5-922
923,V_4-923,V_5-923
924,V_4-924,V_5-924
925,V_4-925,V_5-925
926,V_4-926,V_5-926
927,V_4-927,V_5-927
928,V_4-928,V_5-928
929,V_4-929,V_5-929
930,V_4-930,V_5-930
931,V_4-931,V_5-931
932,V_4-932,V_5-932
933,V_4-933,V_5-933
934,V_4-934,V_5-934
935,V_4-935,V_5-935
936,V_4-936,V_5-936
937,V_4-937,V_5-937
938,V_4-938,V_5-938
939,V_4-939,V_5-939
940,V_4-940,V_5-940
941,V_4-941,V_5-941
942,V_4-942,V_5-942
943,V_4-943,V_5-943
944,V_4-944,V_5-944
945,V_4-945,V_5-945
946,V_4-946,V_5-946
947,V_4-947,V_5-947
948,V_4-948,V_5-948
949,V_4-949,V_5-949
950,V_4-950,V_5-950
951,V_4-951,V_5-951
952,V_4-952,V_5-952
953,V_4-953,V_5-953
954,V_4-954,V_5-954
955,V_4-955,V_5-955
956,V_4-956,V_5-956
957,V_4-957,V_5-957
958,V_4-958,V_5-958
959,V_4-959,V_5-959
960,V_4-960,V_5-960
961,V_4-961,V_5-961
962,V_4-962,V_5-962
963,V_4-963,V_5-963
964,V_4-964,V_5-964
965,V_4-965,V_5-965
966,V_4-966,V_5-966
967,V_4-967,V_5-967
968,V_4-968,V_5-968
969,V_4-969,V_5-969
970,V_4-970,V_5-970
971,V_4-971,V_5-971
972,V_4-972,V_5-972
973,V_4-973,V_5-973
974,V_4-974,V_5-974
975,V_4-975,V_5-975
976,V_4-976,V_5-976
977,V_4-977,V_5-977
978,V_4-978,V_5-978
979,V_4-979,V_5-979
980,V_4-980,V_5-980
981,V_4-981,V_5-981
982,V_4-982,V_5-982
983,V_4-983,V_5-983
984,V_4-984,V_5-984
985,V_4-985,V_5-985
986,V_4-986,V_5-986
987,V_4-987,V_5-987
988,V_4-988,V_5-988
989,V_4-989,V_5-989
990,V_4-990,V_5-990
991,V_4-991,V_5-991
992,V_4-992,V_5-992
993,V_4-993,V_5-993
994,V_4-994,V_5-994
995,V_4-995,V_5-995
996,V_4-996,V_5-996
997,V_4-997,V_5-997
998,V_4-998,V_5-998
999,V_4-999,V_5-999
1000,V_4-1000,V_5-1000
